{
  "mse_before": 4.030592069639824e+17,
  "mse_after": 2.0548022529396723e+17
}