,sd,ld,pe
sd,0.024245242173310477,0.03048074200039752,0.027820504878321106
ld,0.5690664071829968,0.7182276712409377,0.601584348675446
pe,0.0360535151357495,0.03725310649776403,0.04006677667269265
