,pos,deplab,ld,sd
pos,1.0693399734544986,0.45753488146275323,0.0010915345084598904,-0.0005457672542299452
deplab,0.43689226820184235,0.9491654303473186,0.008149285831744346,-0.02173142888465107
ld,0.02172270039320745,0.0861957611462344,1.0892625078483362,0.6912493469943589
sd,0.047064318227527546,0.09007819928508987,0.5735118390596263,1.343146827813129
