,pos,deplab,ld,sd,pe
pos,0.9880870693860004,0.3436644869007366,0.0007440414679111829,0.0003306850968494146,0.0027281520490075595
deplab,0.3431696244325215,0.9015683037556748,0.004746182418489453,-0.02042921997523739,0.00804787453569955
ld,0.010064467146937095,0.05183430526514765,1.0437274149325508,0.6547565915269127,1.0445959914051581
sd,0.03502321173422607,0.0715043622991327,0.6691471162801675,1.1549525524510755,0.8241593689349472
pe,0.0016444746630404072,0.005293700755909292,0.025808231012278582,0.03851326640803099,0.09018789745230571
