,pos,deplab,ld,sd,pe
pos,0.8981968560621769,0.5248077174603074,0.0012377540506138818,0.0024755081012278746,0.0033006774683037587
deplab,0.5135528524517018,0.9199615846077249,0.013722892254618868,-0.002639017741272953,0.00897266032032773
ld,0.011577019339432337,0.06946499334024414,1.0880811491953315,0.7067149006360411,1.1011240125671686
sd,0.06576026975727167,0.13939659674439042,1.090082601051719,1.6546267074345247,1.245795745301735
pe,0.0017518118203780908,0.006586188845223995,0.026141505783820018,0.041552012634845314,0.08955699060722733
