,sd probe (r²),sd probe (pearson r),sd probe (mse),pos probe (r²),pos probe (accuracy),deplabs probe (r²),deplabs probe (accuracy),l2 distance to original
original,0.2480329747659218,0.8614616296361748,808.3178393506494,0.6424123048782349,0.9482619240097009,0.2659180462360382,0.8295908516533109,
pos-erased,0.2386205022830124,0.8574558843358858,829.8985051230572,0.3765685260295868,0.9202541381827315,0.18113449215888977,0.7967640156658373,330.03568
