,sd probe (r²),sd probe (pearson r),sd probe (mse),pos probe (r²),pos probe (accuracy),deplabs probe (r²),deplabs probe (accuracy),l2 distance to original
original,0.2480329747659218,0.8614616296361748,808.3178393506494,0.6424123048782349,0.9482619240097009,0.2659180462360382,0.8295908516533109,
deplabs-erased,0.18916959250579723,0.8239709457535751,1006.361653680956,0.3769354224205017,0.9206544175934573,0.1796378195285797,0.7931222578898212,350.01025
