,sd probe (r²),sd probe (pearson r),sd probe (mse),pos probe (r²),pos probe (accuracy),deplabs probe (r²),deplabs probe (accuracy),l2 distance to original
original,0.2480329747659218,0.8614616296361748,808.3178393506494,0.6424123048782349,0.9482619240097009,0.2659180462360382,0.8295908516533109,
deplabs-erased,0.2388463379724776,0.8561143122327252,837.1036380249615,0.18783743679523468,0.6239688880865859,-5.761782517765823e-07,0.11648130852124228,164.2262
