,sd probe (r²),sd probe (pearson r),sd probe (mse),pos probe (r²),pos probe (accuracy),deplabs probe (r²),deplabs probe (accuracy),l2 distance to original
original,0.2480329747659218,0.8614616296361748,808.3178393506494,0.6424123048782349,0.9482619240097009,0.2659180462360382,0.8295908516533109,
pos-erased,0.2449089548425004,0.8602202780182789,815.0162743632305,0.11574166268110275,0.5484809003932156,0.14634358882904053,0.6669871518157773,130.8901
