,oracle_off,leace_off,leace_on,regressout_off
pos,149.9073944091797,392.5314025878906,162.6750030517578,252.88848466049157
deplab,144.6227569580078,290.300537109375,187.65345764160156,256.45940515614586
ld,138.04776000976562,210.00430297851562,139.25209045410156,290.30221178690806
sd,355.5873107910156,376.2846984863281,411.1410217285156,408.6595764160156
pe,398.196533203125,375.6797790527344,371.062744140625,290.686279296875
