{
  "layer": 8,
  "accuracy": 0.7865625249063521,
  "classification_report": {
    "acl": {
      "precision": 0.6761006289308176,
      "recall": 0.5718085106382979,
      "f1-score": 0.6195965417867435,
      "support": 376.0
    },
    "advcl": {
      "precision": 0.636085626911315,
      "recall": 0.5667574931880109,
      "f1-score": 0.5994236311239193,
      "support": 367.0
    },
    "advmod": {
      "precision": 0.8852080123266564,
      "recall": 0.8737642585551331,
      "f1-score": 0.8794489092996556,
      "support": 1315.0
    },
    "amod": {
      "precision": 0.7734067663257278,
      "recall": 0.7845171588188348,
      "f1-score": 0.7789223454833597,
      "support": 1253.0
    },
    "appos": {
      "precision": 0.3694581280788177,
      "recall": 0.41899441340782123,
      "f1-score": 0.39267015706806285,
      "support": 179.0
    },
    "aux": {
      "precision": 0.7873015873015873,
      "recall": 0.792332268370607,
      "f1-score": 0.7898089171974523,
      "support": 939.0
    },
    "case": {
      "precision": 0.8892682926829268,
      "recall": 0.925850685627222,
      "f1-score": 0.9071908434934063,
      "support": 1969.0
    },
    "cc": {
      "precision": 0.9759679572763685,
      "recall": 0.9682119205298013,
      "f1-score": 0.9720744680851063,
      "support": 755.0
    },
    "ccomp": {
      "precision": 0.6039603960396039,
      "recall": 0.547085201793722,
      "f1-score": 0.5741176470588235,
      "support": 223.0
    },
    "compound": {
      "precision": 0.4865702479338843,
      "recall": 0.4270172257479601,
      "f1-score": 0.45485272815065186,
      "support": 1103.0
    },
    "conj": {
      "precision": 0.695067264573991,
      "recall": 0.7200929152148664,
      "f1-score": 0.7073588134626355,
      "support": 861.0
    },
    "cop": {
      "precision": 0.7254290171606864,
      "recall": 0.8072916666666666,
      "f1-score": 0.7641741988496302,
      "support": 576.0
    },
    "csubj": {
      "precision": 0.3,
      "recall": 0.36,
      "f1-score": 0.32727272727272727,
      "support": 25.0
    },
    "det": {
      "precision": 0.9457037427517132,
      "recall": 0.964516129032258,
      "f1-score": 0.9550173010380623,
      "support": 1860.0
    },
    "discourse": {
      "precision": 0.6453900709219859,
      "recall": 0.7222222222222222,
      "f1-score": 0.6816479400749064,
      "support": 126.0
    },
    "expl": {
      "precision": 0.7301587301587301,
      "recall": 0.6764705882352942,
      "f1-score": 0.7022900763358778,
      "support": 68.0
    },
    "fixed": {
      "precision": 0.8,
      "recall": 0.875,
      "f1-score": 0.835820895522388,
      "support": 64.0
    },
    "flat": {
      "precision": 0.7344632768361582,
      "recall": 0.7761194029850746,
      "f1-score": 0.7547169811320755,
      "support": 335.0
    },
    "goeswith": {
      "precision": 0.3333333333333333,
      "recall": 0.4,
      "f1-score": 0.36363636363636365,
      "support": 15.0
    },
    "iobj": {
      "precision": 0.7222222222222222,
      "recall": 0.7323943661971831,
      "f1-score": 0.7272727272727273,
      "support": 71.0
    },
    "list": {
      "precision": 0.4731182795698925,
      "recall": 0.350597609561753,
      "f1-score": 0.40274599542334094,
      "support": 251.0
    },
    "mark": {
      "precision": 0.8402203856749312,
      "recall": 0.8111702127659575,
      "f1-score": 0.8254397834912043,
      "support": 752.0
    },
    "nmod": {
      "precision": 0.703472840605521,
      "recall": 0.6572379367720466,
      "f1-score": 0.6795698924731183,
      "support": 1202.0
    },
    "nsubj": {
      "precision": 0.7739822180627047,
      "recall": 0.7974927675988428,
      "f1-score": 0.7855616243172643,
      "support": 2074.0
    },
    "nummod": {
      "precision": 0.6738461538461539,
      "recall": 0.8622047244094488,
      "f1-score": 0.7564766839378239,
      "support": 254.0
    },
    "obj": {
      "precision": 0.7181372549019608,
      "recall": 0.7623590633130962,
      "f1-score": 0.7395877156079091,
      "support": 1153.0
    },
    "obl": {
      "precision": 0.6272563176895307,
      "recall": 0.5965665236051502,
      "f1-score": 0.6115266168059833,
      "support": 1165.0
    },
    "orphan": {
      "precision": 0.0,
      "recall": 0.0,
      "f1-score": 0.0,
      "support": 1.0
    },
    "parataxis": {
      "precision": 0.4473684210526316,
      "recall": 0.29310344827586204,
      "f1-score": 0.3541666666666667,
      "support": 232.0
    },
    "punct": {
      "precision": 0.9876783398184177,
      "recall": 0.9938009787928221,
      "f1-score": 0.9907302000325257,
      "support": 3065.0
    },
    "reparandum": {
      "precision": 0.0,
      "recall": 0.0,
      "f1-score": 0.0,
      "support": 4.0
    },
    "root": {
      "precision": 0.7077710563052583,
      "recall": 0.7323062108810785,
      "f1-score": 0.7198296261239944,
      "support": 2077.0
    },
    "vocative": {
      "precision": 0.08333333333333333,
      "recall": 0.047619047619047616,
      "f1-score": 0.06060606060606061,
      "support": 21.0
    },
    "xcomp": {
      "precision": 0.6957746478873239,
      "recall": 0.6804407713498623,
      "f1-score": 0.6880222841225627,
      "support": 363.0
    },
    "accuracy": 0.7865625249063521,
    "macro avg": {
      "precision": 0.6307957220739466,
      "recall": 0.6322160506522335,
      "f1-score": 0.6294581577339128,
      "support": 25094.0
    },
    "weighted avg": {
      "precision": 0.7826335281268799,
      "recall": 0.7865625249063521,
      "f1-score": 0.7837777582857808,
      "support": 25094.0
    }
  }
}