,pos,deplab,sd,sdm
pos,0.9895751523218227,0.3806185464736568,0.0029761658716446204,8.267127421235365e-05
deplab,0.34213784564589345,0.9951506397028477,0.002166735451919144,0.0
sd,1.0,1.0,0.0,0.0
sdm,0.035396986922634155,0.07436469565122672,0.02224246049829426,1.0622319589927542
