,pos,deplab,sd,sdm
pos,0.20109229258713796,0.6531050564555719,0.9334192439862543,0.9355670103092784
deplab,0.585112911143839,0.19673539518900343,0.7873097692685321,0.8012395679921454
sd,-0.02615685574710369,-0.026279430836439133,-0.01836549863219261,-0.0243506021797657
sdm,0.25334471464157104,0.24311017990112305,0.2567996382713318,-0.016344690695405006
