{
  "pos_tag_accuracy_train": 0.638472454380833,
  "baseline_accuracy": 0.1696223359799415,
  "classification_report": {
    "ADJ": {
      "precision": 0.6433176701999781,
      "recall": 0.39092901255063417,
      "f1-score": 0.4863279636513837,
      "support": 15059.0
    },
    "ADP": {
      "precision": 0.5056904098686829,
      "recall": 0.6425645952368914,
      "f1-score": 0.5659696706526822,
      "support": 19777.0
    },
    "ADV": {
      "precision": 0.8044839255499154,
      "recall": 0.8384622167357376,
      "f1-score": 0.8211217132248175,
      "support": 11341.0
    },
    "AUX": {
      "precision": 0.5303643724696356,
      "recall": 0.009108607982199972,
      "f1-score": 0.017909631553763072,
      "support": 14382.0
    },
    "CCONJ": {
      "precision": 0.5592400690846286,
      "recall": 0.21684971872488615,
      "f1-score": 0.31251809670881187,
      "support": 7466.0
    },
    "DET": {
      "precision": 0.6704824202780049,
      "recall": 0.04505742073740315,
      "f1-score": 0.08444032540418082,
      "support": 18199.0
    },
    "INTJ": {
      "precision": 0.7375964718853363,
      "recall": 0.825925925925926,
      "f1-score": 0.7792661619103087,
      "support": 810.0
    },
    "NOUN": {
      "precision": 0.7281014932075895,
      "recall": 0.8321400159108989,
      "f1-score": 0.7766520562381739,
      "support": 38967.0
    },
    "NUM": {
      "precision": 0.8923679060665362,
      "recall": 0.40443458980044344,
      "f1-score": 0.5566066524259994,
      "support": 4510.0
    },
    "PART": {
      "precision": 0.9939299610894942,
      "recall": 0.9985926505082096,
      "f1-score": 0.9962558502340093,
      "support": 6395.0
    },
    "PRON": {
      "precision": 0.8773078672123693,
      "recall": 0.9229738780977896,
      "f1-score": 0.8995616898256085,
      "support": 20902.0
    },
    "PROPN": {
      "precision": 0.7455148601990387,
      "recall": 0.7603397086239039,
      "f1-score": 0.7528543105216381,
      "support": 14483.0
    },
    "PUNCT": {
      "precision": 0.3826788244269263,
      "recall": 0.7899216377338683,
      "f1-score": 0.5155827470174366,
      "support": 26671.0
    },
    "SCONJ": {
      "precision": 0.9792989884733004,
      "recall": 0.9867267124911117,
      "f1-score": 0.9829988193624557,
      "support": 4219.0
    },
    "SYM": {
      "precision": 0.9938195302843016,
      "recall": 0.9987577639751553,
      "f1-score": 0.9962825278810409,
      "support": 805.0
    },
    "VERB": {
      "precision": 0.6422977426556575,
      "recall": 0.7168565100458788,
      "f1-score": 0.677532101003682,
      "support": 25284.0
    },
    "X": {
      "precision": 0.9027237354085603,
      "recall": 0.5065502183406113,
      "f1-score": 0.6489510489510489,
      "support": 458.0
    },
    "accuracy": 0.638472454380833,
    "macro avg": {
      "precision": 0.740542132256468,
      "recall": 0.6403641872600911,
      "f1-score": 0.6394606686215907,
      "support": 229728.0
    },
    "weighted avg": {
      "precision": 0.6664135515976759,
      "recall": 0.638472454380833,
      "f1-score": 0.5988282500038863,
      "support": 229728.0
    }
  }
}