{
  "deplab_accuracy_train": 0.5715454798718484,
  "baseline_accuracy": 0.11586310767516367,
  "classification_report": {
    "acl": {
      "precision": 0.5498749652681301,
      "recall": 0.5231297911710283,
      "f1-score": 0.5361690598753726,
      "support": 3783.0
    },
    "advcl": {
      "precision": 0.5069199457259159,
      "recall": 0.4330088085303663,
      "f1-score": 0.46705838229778723,
      "support": 4314.0
    },
    "advmod": {
      "precision": 0.8226264923251848,
      "recall": 0.22957321910201492,
      "f1-score": 0.3589679980153808,
      "support": 12606.0
    },
    "amod": {
      "precision": 0.5839773798303487,
      "recall": 0.5647101713452425,
      "f1-score": 0.574182188861088,
      "support": 10972.0
    },
    "appos": {
      "precision": 0.5719101123595506,
      "recall": 0.5932400932400932,
      "f1-score": 0.5823798627002288,
      "support": 1716.0
    },
    "aux": {
      "precision": 0.8455743879472694,
      "recall": 0.6655644241733182,
      "f1-score": 0.7448478274739999,
      "support": 8770.0
    },
    "case": {
      "precision": 0.49211724214499836,
      "recall": 0.4560889026084272,
      "f1-score": 0.47341860030439775,
      "support": 19437.0
    },
    "cc": {
      "precision": 0.659919028340081,
      "recall": 0.02134905042567125,
      "f1-score": 0.041360060898249174,
      "support": 7635.0
    },
    "ccomp": {
      "precision": 0.5112107623318386,
      "recall": 0.494148244473342,
      "f1-score": 0.5025347145690985,
      "support": 2307.0
    },
    "compound": {
      "precision": 0.472053008442877,
      "recall": 0.4848518111964874,
      "f1-score": 0.47836681648345697,
      "support": 9110.0
    },
    "conj": {
      "precision": 0.5921423709034328,
      "recall": 0.7173656927426956,
      "f1-score": 0.6487667146129668,
      "support": 8488.0
    },
    "cop": {
      "precision": 0.7001805304818776,
      "recall": 0.9441947565543071,
      "f1-score": 0.8040826090423411,
      "support": 5340.0
    },
    "csubj": {
      "precision": 0.5952380952380952,
      "recall": 0.5287009063444109,
      "f1-score": 0.56,
      "support": 331.0
    },
    "dep": {
      "precision": 1.0,
      "recall": 1.0,
      "f1-score": 1.0,
      "support": 5.0
    },
    "det": {
      "precision": 0.8482104355325571,
      "recall": 0.11048079083352055,
      "f1-score": 0.1954976892113502,
      "support": 17804.0
    },
    "discourse": {
      "precision": 0.7829181494661922,
      "recall": 0.23404255319148937,
      "f1-score": 0.36036036036036034,
      "support": 940.0
    },
    "dislocated": {
      "precision": 1.0,
      "recall": 1.0,
      "f1-score": 1.0,
      "support": 6.0
    },
    "expl": {
      "precision": 0.9547920433996383,
      "recall": 0.7674418604651163,
      "f1-score": 0.8509266720386784,
      "support": 688.0
    },
    "fixed": {
      "precision": 0.9368088467614534,
      "recall": 0.9850498338870431,
      "f1-score": 0.9603238866396762,
      "support": 602.0
    },
    "flat": {
      "precision": 0.7912926391382405,
      "recall": 0.8595806923451975,
      "f1-score": 0.824024304744099,
      "support": 2051.0
    },
    "goeswith": {
      "precision": 0.9936305732484076,
      "recall": 1.0,
      "f1-score": 0.9968051118210862,
      "support": 156.0
    },
    "iobj": {
      "precision": 0.8860759493670886,
      "recall": 0.8713692946058091,
      "f1-score": 0.8786610878661087,
      "support": 723.0
    },
    "list": {
      "precision": 0.7482517482517482,
      "recall": 0.8246628131021194,
      "f1-score": 0.7846012832263978,
      "support": 519.0
    },
    "mark": {
      "precision": 0.9503154574132492,
      "recall": 0.458581758213878,
      "f1-score": 0.6186360913835885,
      "support": 7883.0
    },
    "nmod": {
      "precision": 0.644704692897464,
      "recall": 0.6232285388499755,
      "f1-score": 0.6337847351637884,
      "support": 12278.0
    },
    "nsubj": {
      "precision": 0.7493115519253208,
      "recall": 0.8227335622405576,
      "f1-score": 0.7843079779178269,
      "support": 19513.0
    },
    "nummod": {
      "precision": 0.6288050885960926,
      "recall": 0.5137342242019303,
      "f1-score": 0.5654749744637385,
      "support": 2694.0
    },
    "obj": {
      "precision": 0.5839466421343146,
      "recall": 0.6852901484480431,
      "f1-score": 0.6305724574692662,
      "support": 11115.0
    },
    "obl": {
      "precision": 0.4978709466098919,
      "recall": 0.5398685846208489,
      "f1-score": 0.5180199369515208,
      "support": 11262.0
    },
    "orphan": {
      "precision": 1.0,
      "recall": 1.0,
      "f1-score": 1.0,
      "support": 28.0
    },
    "parataxis": {
      "precision": 0.4238921001926782,
      "recall": 0.3626373626373626,
      "f1-score": 0.39087947882736157,
      "support": 1820.0
    },
    "punct": {
      "precision": 0.41014329011316153,
      "recall": 0.859225307134538,
      "f1-score": 0.5552453324916846,
      "support": 26617.0
    },
    "reparandum": {
      "precision": 0.8387096774193549,
      "recall": 0.5909090909090909,
      "f1-score": 0.6933333333333334,
      "support": 44.0
    },
    "root": {
      "precision": 0.5807160467359845,
      "recall": 0.7449295290477828,
      "f1-score": 0.6526518688070355,
      "support": 14545.0
    },
    "vocative": {
      "precision": 0.9126984126984127,
      "recall": 0.7142857142857143,
      "f1-score": 0.8013937282229965,
      "support": 161.0
    },
    "xcomp": {
      "precision": 0.623366440146367,
      "recall": 0.6883116883116883,
      "f1-score": 0.6542312439994514,
      "support": 3465.0
    },
    "accuracy": 0.5715454798718484,
    "macro avg": {
      "precision": 0.7136168070385337,
      "recall": 0.6364524783121976,
      "f1-score": 0.6422740663909365,
      "support": 229728.0
    },
    "weighted avg": {
      "precision": 0.6298315852435438,
      "recall": 0.5715454798718484,
      "f1-score": 0.5444222594233538,
      "support": 229728.0
    }
  }
}