,pos,deplab,sd,sdm
structural_probe,0.04955049085550445,0.06063166872024184,0.011962526769117687,0.1756355677644459
