,pos,deplab,sd,sdm,original
structural_probe,0.4809268116950989,0.4753197431564331,0.4999462962150574,0.4171278476715088,0.5059993267059326
