,pos,deplab,sd,sdm
pos,,,,
deplab,,,,
sd,,,,
sdm,0.02882767487410609,0.047118153585713696,0.0,0.1836120995036492
