,pos,deplab,sd,sdm
pos,0.9990167800578243,0.41353680714794017,0.0,0.0
deplab,0.3321994757208838,1.0012209774060667,0.0016773811009862527,0.0
sd,1.0,1.0,0.0,0.0
sdm,0.03017404951475089,0.06272597747800901,0.025336867492690374,1.0237103173535973
