,pos,deplab,ld,sd,pe
pos,0.9912816581351137,0.3712514739704552,-0.00024064823759539777,-0.0026299414537216403,-0.0006531880734734763
deplab,0.3373876544750968,0.8945122331793783,0.001209274747222655,-0.011878198726750666,0.0034717887904133216
ld,0.017348552555537244,0.0702063653676065,1.0088546227382618,0.6413264776292327,1.0091566898549669
sd,0.02869350242396973,0.05871943103035382,0.497686665857932,1.0504283062945097,0.8278935895256838
pe,0.0015069420753754947,0.00593734020835357,0.02637081148255538,0.03943089044228398,0.08576015256189795
