,pos,deplab,ld,sd,pe
pos,0.9911785231761442,0.3711483390114858,0.0,-0.00259556313406506,0.0005500531145039567
deplab,0.3370755835725877,0.8945902509050057,0.0015798589439520727,-0.012268287354886942,0.003432779927599716
ld,0.017348489331661332,0.07020636449990225,1.0088546328443275,0.6413280785066913,1.0091565852435753
sd,0.02869391616952377,0.058719762026797184,0.49768625211237794,1.0504280321880801,0.8278888417954505
pe,0.0015069420753754947,0.00593734020835357,0.026370940022844125,0.039430826172139666,0.08576015256189795
